<?xml version="1.0" encoding="UTF-8" standalone="yes"?>
<addon id="repository.ionice" name="IonIce Repository" version="0.0.1" provider-name="IonIce team">
    <requires>
        <import addon="xbmc.python" version="2.25.0"/>
        <import addon="script.module.routing" version="0.2.0"/>

    </requires>
    <extension point="xbmc.python.pluginsource" library="main.py">
        <provides>executable video</provides>
    </extension>
    <extension point="xbmc.addon.metadata">
        <summary lang="en_GB">Get access to IonIce wizard.</summary>
        <description lang="en_GB"></description>
        <language></language>
        <platform>all</platform>
        <license>GPL-3.0</license>
        <forum></forum>
        <website>https://github.com/1sadelephant/IonIce/</website>
        <email>1sadelephant@gmail.com</email>
        <source></source>
        <news></news>
        <disclaimer></disclaimer>
        <assets>
            <icon>resources/icon.png</icon>
            <fanart>resources/fanart.jpg</fanart>
        </assets>
    </extension>
</addon>
